{"cameraMode":{"drawMode":0,"name":"Shaded","section":"Shading Mode"},"sceneLighting":true,"audioPlay":false,"sceneViewState":{"showFog":true,"showMaterialUpdate":false,"showSkybox":true,"showFlares":true,"showImageEffects":true,"showParticleSystems":true},"in2DMode":false,"pivot":{"x":40.841400146484378,"y":-11.45885944366455,"z":55.797019958496097},"rotation":{"x":-0.38597509264945986,"y":-0.15467841923236848,"z":0.06582129001617432,"w":-0.9070693850517273},"size":97.14682006835938,"orthographic":false}