{"cameraMode":{"drawMode":0,"name":"Shaded","section":"Shading Mode"},"sceneLighting":true,"audioPlay":false,"sceneViewState":{"showFog":true,"showMaterialUpdate":false,"showSkybox":true,"showFlares":true,"showImageEffects":true,"showParticleSystems":true},"in2DMode":false,"pivot":{"x":0.1391681730747223,"y":0.09840929508209229,"z":0.07530747354030609},"rotation":{"x":-0.2696225047111511,"y":0.3044035732746124,"z":-0.09027509391307831,"w":-0.9091219305992127},"size":7.629573345184326,"orthographic":false}