{"cameraMode":{"drawMode":0,"name":"Shaded","section":"Shading Mode"},"sceneLighting":true,"audioPlay":false,"sceneViewState":{"showFog":true,"showMaterialUpdate":false,"showSkybox":true,"showFlares":true,"showImageEffects":true,"showParticleSystems":true},"in2DMode":false,"pivot":{"x":46.804412841796878,"y":20.69635772705078,"z":47.341331481933597},"rotation":{"x":-0.3929958641529083,"y":-0.24562524259090424,"z":0.10980743169784546,"w":-0.8793097734451294},"size":22.52060890197754,"orthographic":false}