{"cameraMode":{"drawMode":0,"name":"Shaded","section":"Shading Mode"},"sceneLighting":false,"audioPlay":false,"sceneViewState":{"showFog":true,"showMaterialUpdate":false,"showSkybox":false,"showFlares":true,"showImageEffects":true,"showParticleSystems":true},"in2DMode":false,"pivot":{"x":50.181846618652347,"y":14.464330673217774,"z":17.654674530029298},"rotation":{"x":-0.17382991313934327,"y":-0.24187064170837403,"z":0.044090479612350467,"w":-0.9535925984382629},"size":7.402640342712402,"orthographic":false}