{"cameraMode":{"drawMode":0,"name":"Shaded","section":"Shading Mode"},"sceneLighting":false,"audioPlay":false,"sceneViewState":{"showFog":true,"showMaterialUpdate":false,"showSkybox":false,"showFlares":true,"showImageEffects":true,"showParticleSystems":true},"in2DMode":false,"pivot":{"x":50.375675201416019,"y":16.759410858154298,"z":92.21293640136719},"rotation":{"x":-0.30566203594207766,"y":-0.2537798583507538,"z":0.08490311354398728,"w":-0.9137687087059021},"size":9.080743789672852,"orthographic":false}