{"cameraMode":{"drawMode":0,"name":"Shaded","section":"Shading Mode"},"sceneLighting":false,"audioPlay":false,"sceneViewState":{"showFog":true,"showMaterialUpdate":false,"showSkybox":false,"showFlares":true,"showImageEffects":true,"showParticleSystems":true},"in2DMode":false,"pivot":{"x":49.98253631591797,"y":15.012636184692383,"z":18.01047706604004},"rotation":{"x":-0.25970521569252016,"y":-0.14505095779895783,"z":0.03949043154716492,"w":-0.953914999961853},"size":10.441810607910157,"orthographic":false}